amfi_code,scheme_name,amc,category,sector,first_nav_date,last_nav_date,n_obs
118275,CANARA ROBECO FLEXICAP FUND - DIRECT PLAN - GROWTH OPTION,Canara Robeco Mutual Fund,Flexi Cap,,2013-01-02,2026-07-13,3327
118424,BANDHAN Flexi Cap Fund-Direct Plan-Growth,Bandhan Mutual Fund,Flexi Cap,,2013-01-02,2026-07-13,3336
118535,Franklin India Flexi Cap Fund - Direct - Growth,Franklin Templeton Mutual Fund,Flexi Cap,,2013-01-01,2026-07-13,3328
118883,Taurus Flexi Cap Fund - Direct Plan - Growth,Taurus Mutual Fund,Flexi Cap,,2013-01-02,2026-07-13,3329
118955,HDFC Flexi Cap Fund - Growth Option - Direct Plan,HDFC Mutual Fund,Flexi Cap,,2013-01-01,2026-07-10,3327
119076,DSP Flexi Cap Fund - Direct Plan - Growth,DSP Mutual Fund,Flexi Cap,,2013-01-02,2026-07-13,3329
119292,Union Flexi Cap Fund - Direct Plan - Growth Option,Union Mutual Fund,Flexi Cap,,2013-01-02,2026-07-13,3326
119718,SBI Flexicap Fund - DIRECT PLAN - Growth Option,SBI Mutual Fund,Flexi Cap,,2013-01-07,2026-07-10,3330
120046,HSBC Flexi Cap Fund - Direct Growth,HSBC Mutual Fund,Flexi Cap,,2013-01-02,2026-07-13,3327
120166,Kotak Flexicap Fund - Growth - Direct,Kotak Mahindra Mutual Fund,Flexi Cap,,2013-01-04,2026-07-13,3324
118269,CANARA ROBECO LARGE CAP FUND - DIRECT PLAN - GROWTH OPTION,Canara Robeco Mutual Fund,Large Cap,,2013-01-02,2026-07-13,3326
118479,BANDHAN Large Cap Fund-Direct Plan-Growth,Bandhan Mutual Fund,Large Cap,,2013-01-02,2026-07-13,3336
118531,Franklin India Large Cap Fund- Direct - Growth,Franklin Templeton Mutual Fund,Large Cap,,2013-01-01,2026-07-10,3326
118617,Edelweiss Large Cap Fund - Direct Plan-Growth option,Edelweiss Mutual Fund,Large Cap,,2013-01-08,2026-07-13,3324
118632,Nippon India Large Cap Fund - Direct Plan Growth Plan - Growth Option,Nippon India Mutual Fund,Large Cap,,2013-01-02,2026-07-13,3327
118825,Mirae Asset Large Cap Fund - Direct Plan - Growth,Mirae Asset Mutual Fund,Large Cap,,2013-01-02,2026-07-13,3327
118870,Taurus Large Cap Fund - Direct Plan - Growth,Taurus Mutual Fund,Large Cap,,2013-01-03,2026-07-13,3328
119018,HDFC Large Cap Fund - Growth Option - Direct Plan,HDFC Mutual Fund,Large Cap,,2013-01-01,2026-07-13,3328
119133,Groww Largecap Fund (formerly known as Indiabulls Blue Chip Fund) - Direct Plan - Growth Option,Groww Mutual Fund,Large Cap,,2013-01-02,2026-07-13,3328
119160,Tata Large Cap Fund -Direct Plan Growth Option,Tata Mutual Fund,Large Cap,,2013-01-02,2026-07-13,3327
118278,CANARA ROBECO LARGE AND MID CAP FUND - DIRECT PLAN - GROWTH OPTION,Canara Robeco Mutual Fund,Large & Mid Cap,,2013-01-02,2026-07-13,3327
118419,Bandhan Large & Mid Cap Fund - Direct Plan - Growth,Bandhan Mutual Fund,Large & Mid Cap,,2013-01-02,2026-07-13,3336
118510,Franklin India Large & Mid Cap Fund - Direct - Growth,Franklin Templeton Mutual Fund,Large & Mid Cap,,2013-01-01,2026-07-13,3327
118678,Nippon India Vision Large & Mid Cap Fund - Direct Plan Growth Plan - Growth Option,Nippon India Mutual Fund,Large & Mid Cap,,2013-01-02,2026-07-13,3327
118834,Mirae Asset Large & Midcap Fund - Direct Plan - Growth,Mirae Asset Mutual Fund,Large & Mid Cap,,2013-01-02,2026-07-13,3327
119202,Tata Large & MId Cap Fund -Direct Plan- Growth Option,Tata Mutual Fund,Large & Mid Cap,,2013-01-02,2026-07-13,3327
119218,DSP Large & Mid Cap Fund - Direct Plan - Growth,DSP Mutual Fund,Large & Mid Cap,,2013-01-02,2026-07-13,3329
119350,BANK OF INDIA Large & Mid Cap Fund Direct Plan-Growth,Bank of India Mutual Fund,Large & Mid Cap,,2013-01-02,2026-07-13,3327
119436,Aditya Birla Sun Life Large & Mid Cap Fund - Growth - Direct Plan,Aditya Birla Sun Life Mutual Fund,Large & Mid Cap,,2013-01-02,2026-07-13,3326
118533,Franklin India Mid Cap Fund - Direct - Growth,Franklin Templeton Mutual Fund,Mid Cap,,2013-01-01,2026-07-13,3328
118668,Nippon India Growth Mid Cap Fund - Direct Plan Growth Plan - Growth Option,Nippon India Mutual Fund,Mid Cap,,2013-01-02,2026-07-13,3327
118872,Taurus Mid Cap Fund - Direct Plan - Growth,Taurus Mutual Fund,Mid Cap,,2013-01-02,2026-07-13,3329
118989,HDFC Mid Cap Fund - Growth Option - Direct Plan,HDFC Mutual Fund,Mid Cap,,2013-01-01,2026-07-13,3328
119071,DSP Midcap Fund - Direct Plan - Growth,DSP Mutual Fund,Mid Cap,,2013-01-02,2026-07-13,3329
119178,Tata Mid Cap Fund - Direct Plan- Growth Option,Tata Mutual Fund,Mid Cap,,2013-01-02,2026-07-13,3327
119581,Sundaram Mid Cap Fund Direct Plan - Growth,Sundaram Mutual Fund,Mid Cap,,2013-01-02,2026-07-13,3326
119620,Aditya Birla Sun Life Midcap Fund - Growth - Direct Plan,Aditya Birla Sun Life Mutual Fund,Mid Cap,,2013-01-02,2026-07-13,3326
119716,SBI MIDCAP FUND - DIRECT PLAN - GROWTH,SBI Mutual Fund,Mid Cap,,2013-01-02,2026-07-13,3336
119775,Kotak Midcap Fund - Direct Plan - Growth,Kotak Mahindra Mutual Fund,Mid Cap,,2013-01-03,2026-07-13,3325
118525,Franklin India Small Cap Fund - Direct - Growth,Franklin Templeton Mutual Fund,Small Cap,,2013-01-01,2026-07-13,3328
118778,Nippon India Small Cap Fund - Direct Plan Growth Plan - Growth Option,Nippon India Mutual Fund,Small Cap,,2013-01-02,2026-07-13,3326
119212,DSP Small Cap Fund - Direct Plan - Growth,DSP Mutual Fund,Small Cap,,2013-01-02,2026-07-13,3329
119556,Aditya Birla Sun Life Small Cap Fund - Growth - Direct Plan,Aditya Birla Sun Life Mutual Fund,Small Cap,,2013-01-07,2026-07-13,3323
119589,Sundaram Small Cap Fund Direct Plan - Growth,Sundaram Mutual Fund,Small Cap,,2013-01-02,2026-07-13,3326
120164,Kotak-Small Cap Fund - Growth - Direct,Kotak Mahindra Mutual Fund,Small Cap,,2013-01-02,2026-07-13,3327
120591,ICICI Prudential Smallcap Fund - Direct Plan - Growth,ICICI Prudential Mutual Fund,Small Cap,,2013-01-03,2026-07-13,3298
120828,quant Small Cap Fund - Growth Option - Direct Plan,quant Mutual Fund,Small Cap,,2013-01-07,2026-07-13,3325
125354,Axis Small Cap Fund - Direct Plan - Growth,Axis Mutual Fund,Small Cap,,2013-12-05,2026-07-13,3106
125497,SBI Small Cap Fund - Direct Plan - Growth,SBI Mutual Fund,Small Cap,,2013-11-18,2026-07-13,3120
118650,Nippon India Multi Cap Fund - Direct Plan Growth Plan - Growth Option,Nippon India Mutual Fund,Multi Cap,,2013-01-02,2026-07-13,3327
119354,Baroda BNP Paribas MULTI CAP FUND - Direct Plan - Growth Option,Baroda BNP Paribas Mutual Fund,Multi Cap,,2013-01-02,2026-07-13,3327
120413,Invesco India Multicap Fund - Direct Plan - Growth Option,Invesco Mutual Fund,Multi Cap,,2013-01-02,2026-07-13,3327
120599,ICICI Prudential Multicap Fund - Direct Plan -  Growth,ICICI Prudential Mutual Fund,Multi Cap,,2013-01-02,2026-07-13,3327
120823,quant Multi Cap Fund-GROWTH OPTION-Direct Plan,quant Mutual Fund,Multi Cap,,2013-01-07,2026-07-13,3330
141226,Mahindra Manulife Multi Cap Fund - Direct Plan -Growth,Mahindra Manulife Mutual Fund,Multi Cap,,2017-05-18,2026-07-13,2255
147183,ITI Multi Cap Fund - Direct Plan - Growth Option,ITI Mutual Fund,Multi Cap,,2019-05-16,2026-07-13,1762
148921,Aditya Birla Sun Life Multi-Cap Fund-Direct Growth,Aditya Birla Sun Life Mutual Fund,Multi Cap,,2021-05-10,2026-07-13,1275
118421,Bandhan Focused Fund - Direct Plan - Growth,Bandhan Mutual Fund,Focused,,2013-01-02,2026-07-13,3336
118564,Franklin India Focused Equity Fund - Direct - Growth,Franklin Templeton Mutual Fund,Focused,,2013-01-01,2026-07-13,3328
118692,Nippon India Focused Fund - Direct Plan Growth Plan - Growth Option,Nippon India Mutual Fund,Focused,,2013-01-02,2026-07-13,3327
118950,HDFC Focused Fund - Growth Option - Direct Plan,HDFC Mutual Fund,Focused,,2013-01-01,2026-07-13,3328
119096,DSP Focused Fund - Direct Plan - Growth,DSP Mutual Fund,Focused,,2013-01-02,2026-07-13,3329
119564,Aditya Birla Sun Life Focused Fund - Growth - Direct Plan,Aditya Birla Sun Life Mutual Fund,Focused,,2013-01-02,2026-07-13,3326
119727,SBI FOCUSED FUND - DIRECT PLAN -GROWTH,SBI Mutual Fund,Focused,,2013-01-02,2026-07-10,3333
120468,Axis Focused Fund - Direct Plan - Growth Option,Axis Mutual Fund,Focused,,2013-01-02,2026-07-13,3335
103490,Quantum Value Fund - Direct Plan Growth Option,Quantum Mutual Fund,Value/Contra,,2006-04-03,2026-07-13,4993
118481,Bandhan Value Fund - Direct Plan - Growth,Bandhan Mutual Fund,Value/Contra,,2013-01-02,2026-07-13,3336
118494,Templeton India Value Fund - Direct - Growth,Franklin Templeton Mutual Fund,Value/Contra,,2013-01-01,2026-07-13,3327
118784,Nippon India Value Fund - Direct Plan Growth Plan,Nippon India Mutual Fund,Value/Contra,,2013-01-02,2026-07-13,3327
118935,HDFC Value Fund - Growth Option - Direct Plan,HDFC Mutual Fund,Value/Contra,,2013-01-01,2026-07-13,3328
119231,Tata Value Fund -Direct Plan Growth Option,Tata Mutual Fund,Value/Contra,,2013-01-02,2026-07-13,3327
119549,Sundaram Value Fund Direct Plan - Growth,Sundaram Mutual Fund,Value/Contra,,2013-01-02,2026-07-13,3326
119659,Aditya Birla Sun Life Value Fund - Growth - Direct Plan,Aditya Birla Sun Life Mutual Fund,Value/Contra,,2013-01-02,2026-07-13,3326
119769,Kotak Contra Fund - Direct Plan - Growth,Kotak Mahindra Mutual Fund,Value/Contra,,2013-01-02,2026-07-13,3326
111549,Quantum ELSS Tax Saver Fund - Direct Plan Growth Option,Quantum Mutual Fund,ELSS,,2008-12-31,2026-07-13,4315
118285,CANARA ROBECO ELSS TAX SAVER - DIRECT PLAN - GROWTH OPTION,Canara Robeco Mutual Fund,ELSS,,2013-01-02,2026-07-13,3327
118473,BANDHAN ELSS Tax Saver Fund - Direct Plan - Growth,Bandhan Mutual Fund,ELSS,,2013-01-02,2026-07-13,3336
118540,Franklin India ELSS Tax Saver Fund - Direct - Growth,Franklin Templeton Mutual Fund,ELSS,,2013-01-01,2026-07-13,3328
118620,Edelweiss ELSS Tax Saver Fund - Direct Plan-Growth Option,Edelweiss Mutual Fund,ELSS,,2013-01-24,2026-07-13,3313
118803,Nippon India ELSS Tax Saver Fund - Direct Plan Growth Plan - Growth Option,Nippon India Mutual Fund,ELSS,,2013-01-02,2026-07-13,3327
118866,Taurus ELSS Tax Saver Fund - Direct Plan - Growth,Taurus Mutual Fund,ELSS,,2013-01-02,2026-07-13,3329
118929,HDFC Long Term Advantage Plan - Growth Option - Direct Plan,HDFC Mutual Fund,ELSS,,2013-01-01,2022-01-14,2225
119242,DSP ELSS Tax Saver Fund - Direct Plan - Growth,DSP Mutual Fund,ELSS,,2013-01-02,2026-07-13,3329
119307,Union ELSS Tax Saver Fund - Direct Plan - Growth Option,Union Mutual Fund,ELSS,,2013-01-02,2026-07-13,3326
118589,Nippon India Banking & Financial Services Fund - Direct Plan Growth Plan - Growth Option,Nippon India Mutual Fund,Sectoral/Thematic,Banking/Financial Services,2013-01-02,2026-07-13,3327
118868,Taurus Banking & Financial Services Fund - Direct Plan - Growth,Taurus Mutual Fund,Sectoral/Thematic,Banking/Financial Services,2013-01-03,2026-07-13,3328
119333,Baroda BNP Paribas Banking and Financial Services Fund - Direct - Growth Option,Baroda BNP Paribas Mutual Fund,Sectoral/Thematic,Banking/Financial Services,2013-01-02,2026-07-13,3327
119364,BANK OF INDIA Manufacturing & Infrastructure Fund-Direct Plan-Growth,Bank of India Mutual Fund,Sectoral/Thematic,Banking/Financial Services,2013-01-02,2026-07-13,3327
119597,Sundaram Financial Services Opportunities Fund Direct Plan - Growth,Sundaram Mutual Fund,Sectoral/Thematic,Banking/Financial Services,2013-01-02,2026-07-13,3326
118273,CANARA ROBECO CONSUMPTION FUND - DIRECT PLAN - GROWTH OPTION,Canara Robeco Mutual Fund,Sectoral/Thematic,FMCG/Consumption,2013-01-02,2026-07-13,3327
118724,Nippon India Consumption Fund - Direct Plan Growth Plan - Growth Option,Nippon India Mutual Fund,Sectoral/Thematic,FMCG/Consumption,2013-01-02,2026-07-13,3327
118837,Mirae Asset Great Consumer Fund - Direct Plan - Growth,Mirae Asset Mutual Fund,Sectoral/Thematic,FMCG/Consumption,2013-01-02,2026-07-13,3327
119591,Aditya Birla Sun Life Consumption Fund - Growth - Direct Plan,Aditya Birla Sun Life Mutual Fund,Sectoral/Thematic,FMCG/Consumption,2013-01-02,2026-07-13,3326
119595,Sundaram Consumption Fund (Formerly Known as Sundaram Rural and Consumption Fund Direct Plan - Growth),Sundaram Mutual Fund,Sectoral/Thematic,FMCG/Consumption,2013-01-02,2026-07-13,3326
118267,CANARA ROBECO INFRASTRUCTURE FUND - DIRECT PLAN - GROWTH OPTION,Canara Robeco Mutual Fund,Sectoral/Thematic,Infrastructure,2013-01-02,2026-07-13,3327
118469,BANDHAN Infrastructure Fund-Direct Plan-Growth,Bandhan Mutual Fund,Sectoral/Thematic,Infrastructure,2013-01-02,2026-07-13,3336
118763,Nippon India Power & Infra Fund - Direct Plan Growth Plan - Growth Option,Nippon India Mutual Fund,Sectoral/Thematic,Infrastructure,2013-01-02,2026-07-13,3327
118879,Taurus Infrastructure Fund - Direct Plan - Growth,Taurus Mutual Fund,Sectoral/Thematic,Infrastructure,2013-01-02,2026-07-13,3329
118979,HDFC Infrastructure Fund - Growth Option - Direct Plan,HDFC Mutual Fund,Sectoral/Thematic,Infrastructure,2013-01-01,2026-07-13,3328
118759,Nippon India Pharma Fund - Direct Plan Growth Plan - Growth Option,Nippon India Mutual Fund,Sectoral/Thematic,Pharma/Healthcare,2013-01-02,2026-07-13,3327
119783,SBI HEALTHCARE OPPORTUNITIES FUND - DIRECT PLAN -GROWTH,SBI Mutual Fund,Sectoral/Thematic,Pharma/Healthcare,2013-01-02,2026-07-10,3334
120782,UTI Healthcare Fund - Direct Plan - Growth Option,UTI Mutual Fund,Sectoral/Thematic,Pharma/Healthcare,2013-01-02,2026-07-13,3327
135810,Tata India Pharma & Healthcare Fund-Direct Plan-Growth,Tata Mutual Fund,Sectoral/Thematic,Pharma/Healthcare,2015-12-29,2026-07-13,2595
143783,Mirae Asset Healthcare Fund Direct Growth,Mirae Asset Mutual Fund,Sectoral/Thematic,Pharma/Healthcare,2018-07-03,2026-07-13,1974
118537,Franklin India Technology Fund - Direct - Growth,Franklin Templeton Mutual Fund,Sectoral/Thematic,IT/Technology,2013-01-01,2026-07-10,3324
120539,Aditya Birla Sun Life Digital India Fund - Growth - Direct Plan,Aditya Birla Sun Life Mutual Fund,Sectoral/Thematic,IT/Technology,2013-01-02,2026-07-10,3324
120578,SBI TECHNOLOGY OPPORTUNITIES FUND - DIRECT PLAN - GROWTH,SBI Mutual Fund,Sectoral/Thematic,IT/Technology,2013-01-10,2026-07-10,3327
120594,ICICI Prudential Technology Fund - Direct Plan -  Growth,ICICI Prudential Mutual Fund,Sectoral/Thematic,IT/Technology,2013-01-02,2026-07-10,3324
135800,Tata Digital India Fund-Direct Plan-Growth,Tata Mutual Fund,Sectoral/Thematic,IT/Technology,2015-12-29,2026-07-13,2594
133516,Aditya Birla Sun Life Manufacturing Equity Fund - Direct Plan - Growth,Aditya Birla Sun Life Mutual Fund,Sectoral/Thematic,Manufacturing,2015-02-03,2026-07-13,2815
151916,quant Manufacturing Fund - Growth Option - Direct Plan,quant Mutual Fund,Sectoral/Thematic,Manufacturing,2023-08-16,2026-07-13,713
152202,Axis India Manufacturing Fund - Direct Plan - Growth,Axis Mutual Fund,Sectoral/Thematic,Manufacturing,2023-12-27,2026-07-13,633
119646,Aditya Birla Sun Life MNC Fund - Growth - Direct Plan,Aditya Birla Sun Life Mutual Fund,Sectoral/Thematic,MNC,2013-01-02,2026-07-10,3325
119711,SBI MNC FUND - DIRECT PLAN -GROWTH,SBI Mutual Fund,Sectoral/Thematic,MNC,2013-01-02,2026-07-13,3335
120682,UTI - MNC Fund - Growth Option - Direct,UTI Mutual Fund,Sectoral/Thematic,MNC,2013-01-02,2026-07-13,3327
120731,UTI-Transportation and Logistics  Fund-Growth Option- Direct,UTI Mutual Fund,Sectoral/Thematic,Auto/Transportation,2013-01-02,2026-07-13,3327
150685,ICICI PRUDENTIAL TRANSPORTATION AND LOGISTICS FUND - Direct Plan - Growth,ICICI Prudential Mutual Fund,Sectoral/Thematic,Auto/Transportation,2022-10-31,2026-07-13,910
150716,BANDHAN TRANSPORTATION AND LOGISTICS FUND - GROWTH - DIRECT PLAN,Bandhan Mutual Fund,Sectoral/Thematic,Auto/Transportation,2022-10-27,2026-07-13,921
119028,DSP Natural Resources and New Energy Fund - Direct Plan - Growth,DSP Mutual Fund,Sectoral/Thematic,Energy/Power,2013-01-04,2026-07-10,3231
135813,Tata Resources & Energy Fund-Direct Plan-Growth,Tata Mutual Fund,Sectoral/Thematic,Energy/Power,2015-12-29,2026-07-13,2595
152417,SBI Energy Opportunities Fund - Direct Plan - Growth,SBI Mutual Fund,Sectoral/Thematic,Energy/Power,2024-03-01,2026-07-13,589
119732,SBI PSU Fund - DIRECT PLAN - GROWTH,SBI Mutual Fund,Sectoral/Thematic,PSU,2013-01-03,2026-07-13,3335
120395,Invesco India PSU Equity Fund - Direct Plan - Growth,Invesco Mutual Fund,Sectoral/Thematic,PSU,2013-01-02,2026-07-13,3327
147844,Aditya Birla Sun Life PSU Equity Fund-Direct Plan-Growth,Aditya Birla Sun Life Mutual Fund,Sectoral/Thematic,PSU,2020-01-01,2026-07-13,1610
147662,ICICI Prudential Commodities Fund - Direct Plan - Growth Option,ICICI Prudential Mutual Fund,Sectoral/Thematic,Commodities/Natural Resources,2019-10-16,2026-07-10,1660
152255,quant Commodities Fund - Growth Option - Direct Plan,quant Mutual Fund,Sectoral/Thematic,Commodities/Natural Resources,2023-12-28,2026-07-13,624
141924,HDFC Housing Opportunities Fund  - Growth Option - Direct Plan,HDFC Mutual Fund,Sectoral/Thematic,Housing/Real Estate,2017-12-07,2026-07-13,2115
150310,ICICI PRUDENTIAL HOUSING OPPORTUNITIES FUND - Direct Plan Growth,ICICI Prudential Mutual Fund,Sectoral/Thematic,Housing/Real Estate,2022-04-19,2026-07-13,1042
151750,HDFC Defence Fund - Growth Option - Direct Plan,HDFC Mutual Fund,Sectoral/Thematic,Defence,2023-06-02,2026-07-13,764
120688,ICICI Prudential Exports & Services Fund - Direct Plan - Growth,ICICI Prudential Mutual Fund,Sectoral/Thematic,Exports,2013-01-08,2026-07-13,3322
152829,HSBC India Export Opportunities Fund - Direct Growth,HSBC Mutual Fund,Sectoral/Thematic,Exports,2024-09-30,2026-07-13,438
118769,Nippon India Quant Fund - Direct Plan Growth Plan - Growth Option,Nippon India Mutual Fund,Sectoral/Thematic,Quant,2013-01-02,2026-07-13,3327
147306,DSP Quant Fund - Direct Plan - Growth,DSP Mutual Fund,Sectoral/Thematic,Quant,2019-06-11,2026-07-13,1746
119709,SBI ESG Exclusionary Strategy Fund - Direct Plan -Growth,SBI Mutual Fund,Sectoral/Thematic,ESG,2013-01-02,2026-07-13,3335
148651,ICICI Prudential Business Cycle Fund Direct Plan Growth,ICICI Prudential Mutual Fund,Sectoral/Thematic,Business Cycle,2021-01-19,2026-07-10,1346
149071,Tata Business Cycle Fund-Direct Plan-Growth,Tata Mutual Fund,Sectoral/Thematic,Business Cycle,2021-08-11,2026-07-13,1210
154337,Motilal Oswal Contra Fund - Direct â Growth,Motilal Oswal Mutual Fund,Value/Contra,,2026-06-04,2026-08-03,42
119835,SBI CONTRA FUND - DIRECT PLAN - GROWTH,SBI Mutual Fund,Value/Contra,,2013-01-02,2026-08-03,3349
151165,360 ONE ELSS Tax Saver Nifty 50 Index Fund - Direct Plan - Growth,360 ONE Mutual Fund,ELSS,,2023-01-02,2026-08-03,881
119544,Aditya Birla Sun Life ELSS Tax Saver Fund - Growth - Direct Plan,Aditya Birla Sun Life Mutual Fund,ELSS,,2013-01-02,2026-08-03,3341
120503,Axis ELSS Tax Saver Fund - Direct Plan - Growth Option,Axis Mutual Fund,ELSS,,2013-01-02,2026-08-03,3350
153201,BAJAJ FINSERV ELSS TAX SAVER FUND - DIRECT - GROWTH,Bajaj Finserv Mutual Fund,ELSS,,2025-02-03,2026-08-03,368
119351,BANK OF INDIA ELSS Tax Saver -Direct Plan- Growth,Bank of India Mutual Fund,ELSS,,2013-01-02,2026-08-03,3342
150159,BARODA BNP PARIBAS ELSS Tax Saver Fund - Direct Plan - Growth Option,Baroda BNP Paribas Mutual Fund,ELSS,,2022-03-14,2026-08-03,1080
141808,Groww ELSS Tax Saver Fund (formerly known as Indiabulls Tax Savings Fund)- Direct Plan- Growth Option,Groww Mutual Fund,ELSS,,2017-12-29,2026-08-03,2115
119060,HDFC ELSS Tax saver - Growth Option - Direct Plan,HDFC Mutual Fund,ELSS,,2013-01-01,2026-08-03,3343
151078,HSBC ELSS Tax saver Fund - Direct Growth,HSBC Mutual Fund,ELSS,,2022-11-28,2026-08-03,906
120592,ICICI Prudential ELSS Tax Saver Fund - Direct Plan - Growth,ICICI Prudential Mutual Fund,ELSS,,2013-01-02,2026-08-03,3342
147541,ITI ELSS Tax Saver Fund - Direct Plan - Growth Option,ITI Mutual Fund,ELSS,,2019-10-25,2026-08-03,1669
120494,JM ELSS Tax Saver Fund (Direct) - Growth Option,JM Financial Mutual Fund,ELSS,,2013-01-02,2026-08-03,3342
119773,Kotak ELSS Tax Saver Fund-Growth - Direct,Kotak Mahindra Mutual Fund,ELSS,,2013-01-02,2026-08-03,3342
120270,LIC MF ELSS Tax Saver-Direct Plan-Growth,LIC Mutual Fund,ELSS,,2013-01-02,2026-08-03,3332
135781,Mirae Asset ELSS Tax Saver Fund - Direct Plan - Growth,Mirae Asset Mutual Fund,ELSS,,2015-12-29,2026-08-03,2610
133386,Motilal Oswal ELSS Tax Saver Fund - Direct Plan - Growth Option,Motilal Oswal Mutual Fund,ELSS,,2015-01-22,2026-08-03,2838
135654,Navi ELSS Tax Saver Fund- Direct Plan- Growth Option,Navi Mutual Fund,ELSS,,2015-12-31,2026-04-10,2532
151471,NAVI ELSS TAX SAVER NIFTY 50 INDEX FUND - DIRECT PLAN GROWTH,Navi Mutual Fund,ELSS,,2023-03-21,2026-08-03,828
135601,PGIM India ELSS Tax Saver Fund - Direct Plan - Growth Option,PGIM India Mutual Fund,ELSS,,2015-12-14,2026-08-03,2621
147481,Parag Parikh ELSS Tax Saver Fund- Direct Growth,PPFAS Mutual Fund,ELSS,,2019-07-26,2026-08-03,1728
120847,quant ELSS Tax Saver Fund - Growth Option - Direct Plan,quant Mutual Fund,ELSS,,2013-01-07,2026-08-03,3345
150838,Samco ELSS Tax Saver Fund - Direct Plan - Growth Option,Samco Mutual Fund,ELSS,,2022-12-29,2026-08-03,883
119723,SBI ELSS Tax Saver FUND - DIRECT PLAN -GROWTH,SBI Mutual Fund,ELSS,,2013-01-02,2026-08-03,3351
145819,Shriram ELSS Tax Saver Fund - Direct Growth,Shriram Mutual Fund,ELSS,,2019-02-01,2026-08-03,1846
149570,Sundaram ELSS Tax Saver Fund Direct Plan Growth,Sundaram Mutual Fund,ELSS,,2022-01-03,2026-08-03,1128
132756,Tata ELSS Fund-Growth-Direct Plan,Tata Mutual Fund,ELSS,,2014-10-14,2026-08-03,2904
120715,UTI ELSS Tax Saver Fund - Direct Plan - Growth Option,UTI Mutual Fund,ELSS,,2013-01-02,2026-08-03,3342
150587,WhiteOak Capital ELSS Tax Saver Fund Direct Plan Growth,WhiteOak Capital Mutual Fund,ELSS,,2022-10-17,2026-08-03,933
151796,360 ONE FLEXICAP FUND-DIRECT PLAN- GROWTH,360 ONE Mutual Fund,Flexi Cap,,2023-07-06,2026-08-03,756
154043,Abakkus Flexi Cap Fund - Direct - Growth,Abakkus Mutual Fund,Flexi Cap,,2025-12-30,2026-08-03,146
120564,Aditya Birla Sun Life Flexi Cap Fund - Growth - Direct Plan,Aditya Birla Sun Life Mutual Fund,Flexi Cap,,2013-01-02,2026-08-03,3341
141925,Axis Flexi Cap Fund - Direct Plan - Growth,Axis Mutual Fund,Flexi Cap,,2017-11-24,2026-08-03,2147
151895,Bajaj Finserv Flexi Cap Fund-Direct Plan-Growth,Bajaj Finserv Mutual Fund,Flexi Cap,,2023-08-16,2026-08-03,728
148404,BANK OF INDIA Flexi Cap Fund Direct Plan -Growth,Bank of India Mutual Fund,Flexi Cap,,2020-07-01,2026-08-03,1503
150387,Baroda BNP Paribas Flexi Cap Fund - Direct Plan - Growth Option,Baroda BNP Paribas Mutual Fund,Flexi Cap,,2022-08-22,2026-08-03,971
153738,CAPITALMIND FLEXI CAP FUND DIRECT GROWTH,Capitalmind Mutual Fund,Flexi Cap,,2025-08-06,2026-08-03,243
140353,Edelweiss Flexi Cap Fund - Direct Plan - Growth Option,Edelweiss Mutual Fund,Flexi Cap,,2016-11-28,2026-08-03,2388
152135,Helios Flexi Cap Fund - Direct Plan - Growth Option,Helios Mutual Fund,Flexi Cap,,2023-11-15,2026-08-03,669
148990,ICICI Prudential Flexicap Fund - Direct Plan - Growth,ICICI Prudential Mutual Fund,Flexi Cap,,2021-07-19,2026-08-03,1241
151379,ITI Flexi Cap Fund- Direct Plan- Growth,ITI Mutual Fund,Flexi Cap,,2023-02-22,2026-08-03,844
153859,JioBlackRock Flexi Cap Fund - Direct Plan - Growth Option,Jio BlackRock Mutual Fund,Flexi Cap,,2025-10-17,2026-08-03,194
120492,JM Flexicap Fund (Direct) - Growth Option,JM Financial Mutual Fund,Flexi Cap,,2013-01-02,2026-08-03,3342
120264,LIC MF Flexi Cap Fund-Direct Plan-Growth,LIC Mutual Fund,Flexi Cap,,2013-01-02,2026-08-03,3332
151412,Mirae Asset Flexi Cap Fund - Direct Plan - Growth,Mirae Asset Mutual Fund,Flexi Cap,,2023-02-27,2026-08-03,842
129046,Motilal Oswal Flexi cap Fund Direct Plan-Growth Option,Motilal Oswal Mutual Fund,Flexi Cap,,2014-04-29,2026-08-03,3017
143793,Navi Flexi Cap Fund - Direct Plan - Growth,Navi Mutual Fund,Flexi Cap,,2018-07-10,2026-08-03,1985
149094,Nippon India Flexi Cap Fund - Direct Plan - Growth Plan - Growth Option,Nippon India Mutual Fund,Flexi Cap,,2021-08-18,2026-08-03,1220
154225,Old Bridge Flexi Cap Fund Direct Growth,Old Bridge Mutual Fund,Flexi Cap,,2026-03-04,2026-08-03,103
133839,PGIM India Flexi Cap Fund - Direct Plan - Growth Option,PGIM India Mutual Fund,Flexi Cap,,2015-03-09,2026-08-03,2810
122639,Parag Parikh Flexi Cap Fund - Direct Plan - Growth,PPFAS Mutual Fund,Flexi Cap,,2013-05-28,2026-08-03,3242
120843,quant Flexi Cap Fund - Growth Option-Direct Plan,quant Mutual Fund,Flexi Cap,,2013-01-07,2026-08-03,3345
149450,Samco Flexi Cap Fund - Direct Plan - Growth Option,Samco Mutual Fund,Flexi Cap,,2022-02-09,2026-08-03,1100
144905,Shriram Flexi Cap Fund - Direct Growth,Shriram Mutual Fund,Flexi Cap,,2018-10-08,2026-08-03,1925
150571,Sundaram Flexicap Fund Direct Growth,Sundaram Mutual Fund,Flexi Cap,,2022-09-07,2026-08-03,960
144546,Tata Flexi Cap Fund-Direct Plan-Growth,Tata Mutual Fund,Flexi Cap,,2018-09-10,2026-08-03,1942
153872,THE WEALTH COMPANY FLEXI CAP FUND - DIRECT GROWTH,The Wealth Company Mutual Fund,Flexi Cap,,2025-10-17,2026-08-03,194
152584,TRUSTMF Flexi Cap Fund-Direct Plan- Growth,Trust Mutual Fund,Flexi Cap,,2024-04-29,2026-08-03,559
153543,Unifi Flexi Cap Fund - Direct Growth,Unifi Mutual Fund,Flexi Cap,,2025-06-09,2026-08-03,284
120662,UTI - Flexi Cap Fund-Growth Option - Direct,UTI Mutual Fund,Flexi Cap,,2013-01-02,2026-08-03,3341
150346,WhiteOak Capital Flexi Cap Fund Direct Plan-Growth,WhiteOak Capital Mutual Fund,Flexi Cap,,2022-08-03,2026-08-03,982
131580,360 ONE Focused Fund-Direct Plan-Growth,360 ONE Mutual Fund,Focused,,2014-10-31,2026-08-03,2894
150264,BARODA BNP PARIBAS Focused Fund - Direct Plan - Growth Option,Baroda BNP Paribas Mutual Fund,Focused,,2022-03-14,2026-08-03,1080
148883,Canara Robeco Focused Fund - Direct Plan - Growth Option,Canara Robeco Mutual Fund,Focused,,2021-05-18,2026-08-03,1285
150376,Edelweiss Focused Fund - Direct Plan - Growth,Edelweiss Mutual Fund,Focused,,2022-08-03,2026-08-03,983
148411,HSBC Focused Fund - Direct Growth,HSBC Mutual Fund,Focused,,2020-07-29,2026-08-03,1483
120722,ICICI Prudential Focused Equity Fund - Direct Plan - Growth,ICICI Prudential Mutual Fund,Focused,,2013-01-10,2026-08-03,3336
151777,ITI Focused Fund - Direct Plan - Growth,ITI Mutual Fund,Focused,,2023-06-21,2026-08-03,765
120488,JM Focused Fund (Direct)  - Growth Option,JM Financial Mutual Fund,Focused,,2013-01-02,2026-08-03,3342
147473,Kotak Focused Fund- Direct Plan- Growth option,Kotak Mahindra Mutual Fund,Focused,,2019-07-23,2026-08-03,1731
152010,LIC MF Focused Fund-Direct Plan-Growth,LIC Mutual Fund,Focused,,2023-07-31,2026-08-03,739
147206,Mirae Asset Focused Fund Direct Plan Growth,Mirae Asset Mutual Fund,Focused,,2019-05-15,2026-08-03,1779
122389,Motilal Oswal Focused Fund - Direct Plan Growth Option,Motilal Oswal Mutual Fund,Focused,,2013-05-15,2026-08-03,3252
152358,Old Bridge Focused Fund - Direct Growth,Old Bridge Mutual Fund,Focused,,2024-01-25,2026-08-03,621
120834,quant Focused Fund - Growth Option-Direct Plan,quant Mutual Fund,Focused,,2013-01-07,2026-08-03,3346
149533,Sundaram Focused Fund (Formerly Known as Principal Focused Multicap Fund)- Direct Plan - Growth Option,Sundaram Mutual Fund,Focused,,2022-01-03,2026-08-03,1128
147757,Tata Focused Fund-Direct Plan-Growth,Tata Mutual Fund,Focused,,2019-12-06,2026-08-03,1642
147492,Union Focused Fund - Direct Plan - Growth Option,Union Mutual Fund,Focused,,2019-08-13,2026-08-03,1716
149091,UTI Focused Fund - Direct Plan - Growth Option,UTI Mutual Fund,Focused,,2021-08-26,2026-08-03,1215
145110,Axis Large & Mid Cap Fund - Direct Plan - Growth,Axis Mutual Fund,Large & Mid Cap,,2018-10-26,2026-08-03,1918
152408,Bajaj Finserv Large and Mid Cap Fund- Direct Plan- Growth,Bajaj Finserv Mutual Fund,Large & Mid Cap,,2024-02-29,2026-08-03,596
148474,Baroda BNP Paribas Large and Mid Cap Fund- Direct Plan -Growth Option,Baroda BNP Paribas Mutual Fund,Large & Mid Cap,,2020-09-11,2026-08-03,1452
140175,Edelweiss Large & Mid Cap Fund - Direct Plan - Growth Option,Edelweiss Mutual Fund,Large & Mid Cap,,2016-11-28,2026-08-03,2388
130498,HDFC Large and Mid Cap Fund - Growth Option - Direct Plan,HDFC Mutual Fund,Large & Mid Cap,,2014-06-30,2026-08-03,2974
152941,Helios Large & Mid Cap Fund - Direct Plan - Growth Option,Helios Mutual Fund,Large & Mid Cap,,2024-11-04,2026-08-03,430
146772,HSBC Large & Mid Cap Fund - Direct Growth,HSBC Mutual Fund,Large & Mid Cap,,2019-04-04,2026-08-03,1804
120596,ICICI Prudential Large & Mid Cap Fund - Direct Plan - Growth,ICICI Prudential Mutual Fund,Large & Mid Cap,,2013-01-02,2026-08-03,3342
152821,ITI Large & Midcap Fund - Direct Plan - Growth,ITI Mutual Fund,Large & Mid Cap,,2024-09-13,2026-08-03,464
153629,JM Large & Mid Cap Fund (Direct) - Growth Option,JM Financial Mutual Fund,Large & Mid Cap,,2025-07-30,2026-08-03,247
120158,Kotak Large & Midcap Fund - Direct- Growth,Kotak Mahindra Mutual Fund,Large & Mid Cap,,2013-01-02,2026-08-03,3341
133710,LIC MF Large & Mid Cap Fund-Direct Plan-Growth,LIC Mutual Fund,Large & Mid Cap,,2015-02-26,2026-08-03,2814
147840,Mahindra Manulife Large & Mid Cap Fund - Direct Plan -Growth,Mahindra Manulife Mutual Fund,Large & Mid Cap,,2020-01-01,2026-08-03,1625
147704,Motilal Oswal Large and Midcap Fund - Direct Plan Growth,Motilal Oswal Mutual Fund,Large & Mid Cap,,2019-10-22,2026-08-03,1673
135677,Navi Large & Midcap Fund- Direct Plan- Growth Option,Navi Mutual Fund,Large & Mid Cap,,2015-12-08,2026-08-03,2625
118675,Nippon India Vision Large & Mid Cap Fund - Direct Plan Growth Plan - Bonus Option,Nippon India Mutual Fund,Large & Mid Cap,,2013-01-02,2026-08-03,3342
152382,PGIM India Large and Midcap Fund - Direct Plan - Growth Option,PGIM India Mutual Fund,Large & Mid Cap,,2024-02-16,2026-08-03,605
120826,quant Large & Mid Cap Fund - Growth Option-Direct Plan,quant Mutual Fund,Large & Mid Cap,,2013-01-07,2026-08-03,3344
153534,Samco Large & Mid Cap Fund - Direct Plan - Growth Option,Samco Mutual Fund,Large & Mid Cap,,2025-06-30,2026-08-03,269
119721,SBI LARGE & MIDCAP FUND -DIRECT PLAN -Growth,SBI Mutual Fund,Large & Mid Cap,,2013-01-02,2026-08-03,3349
119566,Sundaram Large and Midcap Fund Direct Plan - Growth,Sundaram Mutual Fund,Large & Mid Cap,,2013-01-08,2026-08-03,3337
154381,The Wealth Company Large & Mid Cap Fund Direct Growth,The Wealth Company Mutual Fund,Large & Mid Cap,,2026-06-12,2026-08-03,36
147750,Union Large & Midcap Fund - Direct Plan - Growth Option,Union Mutual Fund,Large & Mid Cap,,2019-12-13,2026-08-03,1636
120665,UTI Large & Mid Cap Fund - Direct Plan - Growth Option,UTI Mutual Fund,Large & Mid Cap,,2013-01-02,2026-08-03,3342
152226,Whiteoak Capital Large & Mid Cap Fund Direct Plan Growth,WhiteOak Capital Mutual Fund,Large & Mid Cap,,2023-12-26,2026-08-03,641
119528,Aditya Birla Sun Life Large Cap Fund - Growth - Direct Plan,Aditya Birla Sun Life Mutual Fund,Large Cap,,2013-01-02,2026-08-03,3341
120465,Axis Large Cap Fund - Direct Plan - Growth,Axis Mutual Fund,Large Cap,,2013-01-02,2026-08-03,3350
152783,BAJAJ FINSERV LARGE CAP FUND - DIRECT PLAN - GROWTH,Bajaj Finserv Mutual Fund,Large Cap,,2024-08-23,2026-08-03,479
148980,BANK OF INDIA Large Cap Fund Direct Plan Growth,Bank of India Mutual Fund,Large Cap,,2021-07-01,2026-08-03,1253
150187,BARODA BNP PARIBAS LARGE CAP Fund - Direct Plan - Growth Option,Baroda BNP Paribas Mutual Fund,Large Cap,,2022-03-14,2026-08-03,1080
119250,DSP Large Cap Fund - Direct Plan - Growth,DSP Mutual Fund,Large Cap,,2013-01-02,2026-08-03,3344
120030,HSBC Large Cap Fund - Direct Growth,HSBC Mutual Fund,Large Cap,,2013-01-02,2026-08-03,3342
120586,ICICI Prudential Large Cap Fund (erstwhile Bluechip Fund) - Direct Plan - Growth,ICICI Prudential Mutual Fund,Large Cap,,2013-01-02,2026-08-03,3342
148353,ITI Large Cap Fund - Direct Plan - Growth Option,ITI Mutual Fund,Large Cap,,2020-12-29,2026-08-03,1377
154307,JioBlackRock Large Cap Fund - Direct Plan - Growth Option,Jio BlackRock Mutual Fund,Large Cap,,2026-04-16,2026-08-03,75
120490,JM Large Cap Fund (Direct) - Growth Option,JM Financial Mutual Fund,Large Cap,,2013-01-02,2026-08-03,3346
120152,Kotak Large Cap  Fund - Growth - Direct,Kotak Mahindra Mutual Fund,Large Cap,,2013-01-02,2026-08-03,3341
120267,LIC MF Large Cap Fund-Direct Plan-Growth,LIC Mutual Fund,Large Cap,,2013-01-02,2026-08-03,3332
152354,Motilal Oswal Large Cap Direct Plan Growth,Motilal Oswal Mutual Fund,Large Cap,,2024-02-12,2026-08-03,609
118633,Nippon India Large Cap Fund - Direct Plan Growth Plan - Bonus Option,Nippon India Mutual Fund,Large Cap,,2013-01-03,2026-08-03,3341
138312,PGIM India Large Cap Fund - Direct Plan - Growth,PGIM India Mutual Fund,Large Cap,,2016-03-08,2026-08-03,2563
154155,Parag Parikh Large Cap Fund - Direct Plan - Growth,PPFAS Mutual Fund,Large Cap,,2026-02-06,2026-08-03,120
150440,quant Large Cap Fund - Growth Option - Direct Plan,quant Mutual Fund,Large Cap,,2022-08-12,2026-08-03,976
153239,Samco Large Cap Fund - Direct Plan - Growth Option,Samco Mutual Fund,Large Cap,,2025-03-28,2026-08-03,331
119598,SBI Large Cap FUND-DIRECT PLAN -GROWTH,SBI Mutual Fund,Large Cap,,2013-01-02,2026-08-03,3351
148507,Sundaram Large Cap Fund (Formerly Known as Sundaram Blue Chip Fund)Direct Plan - Growth,Sundaram Mutual Fund,Large Cap,,2020-10-12,2026-08-03,1430
141248,Union Largecap Fund - Direct Plan - Growth Option,Union Mutual Fund,Large Cap,,2017-05-18,2026-08-03,2268
120656,UTI Large Cap Fund - Direct Plan - Growth Option,UTI Mutual Fund,Large Cap,,2013-01-02,2026-08-03,3342
150797,WhiteOak Capital Large Cap Fund Direct Plan Growth,WhiteOak Capital Mutual Fund,Large Cap,,2022-12-02,2026-08-03,902
120505,Axis Midcap Fund - Direct Plan - Growth,Axis Mutual Fund,Mid Cap,,2013-01-02,2026-08-03,3350
150404,BANDHAN MIDCAP FUND - GROWTH - DIRECT PLAN,Bandhan Mutual Fund,Mid Cap,,2022-08-19,2026-08-03,981
153728,Bank of India Mid Cap Fund - Direct Plan Growth,Bank of India Mutual Fund,Mid Cap,,2025-08-25,2026-08-03,230
150212,BARODA BNP PARIBAS Mid Cap Fund - Direct Plan - Growth Option,Baroda BNP Paribas Mutual Fund,Mid Cap,,2022-03-14,2026-08-03,1080
150817,Canara Robeco Mid Cap Fund- Direct Plan- Growth Option,Canara Robeco Mutual Fund,Mid Cap,,2022-12-06,2026-08-03,900
140228,Edelweiss Mid Cap Fund - Direct Plan - Growth Option,Edelweiss Mutual Fund,Mid Cap,,2016-11-28,2026-08-03,2388
153326,Helios Mid Cap Fund - Direct Plan - Growth Option,Helios Mutual Fund,Mid Cap,,2025-03-17,2026-08-03,340
151036,HSBC Midcap Fund - Direct Growth,HSBC Mutual Fund,Mid Cap,,2022-11-28,2026-08-03,906
120381,ICICI Prudential MidCap Fund - Direct Plan -  Growth,ICICI Prudential Mutual Fund,Mid Cap,,2013-01-02,2026-08-03,3342
148733,ITI Mid Cap Fund - Direct Plan - Growth Option,ITI Mutual Fund,Mid Cap,,2021-03-10,2026-08-03,1327
150815,JM Midcap Fund (Direct) - Growth,JM Financial Mutual Fund,Mid Cap,,2022-11-25,2026-08-03,907
152002,LIC MF Mid Cap Fund-Direct Plan-Growth,LIC Mutual Fund,Mid Cap,,2023-07-31,2026-08-03,739
142110,Mahindra Manulife Mid Cap Fund - Direct Plan -Growth,Mahindra Manulife Mutual Fund,Mid Cap,,2018-02-06,2026-08-03,2090
147445,Mirae Asset Midcap Fund- Direct Growth Option,Mirae Asset Mutual Fund,Mid Cap,,2019-07-30,2026-08-03,1726
127042,Motilal Oswal Midcap Fund-Direct Plan-Growth Option,Motilal Oswal Mutual Fund,Mid Cap,,2014-02-25,2026-08-03,3056
118665,Nippon India Growth Mid Cap Fund - Direct Plan Growth Plan - Bonus Option,Nippon India Mutual Fund,Mid Cap,,2013-01-03,2026-08-03,3341
125307,PGIM India Midcap Fund - Direct Plan - Growth Option,PGIM India Mutual Fund,Mid Cap,,2013-12-05,2026-08-03,3114
120841,quant Mid Cap Fund - Growth Option - Direct Plan,quant Mutual Fund,Mid Cap,,2013-01-07,2026-08-03,3345
154210,TRUSTMF MID CAP FUND -DIRECT -GROWTH,Trust Mutual Fund,Mid Cap,,2026-03-24,2026-08-03,89
148073,Union Midcap Fund - Direct Plan - Growth Option,Union Mutual Fund,Mid Cap,,2020-03-30,2026-08-03,1563
120726,UTI Mid Cap Fund-Growth Option- Direct,UTI Mutual Fund,Mid Cap,,2013-01-02,2026-08-03,3342
150584,WhiteOak Capital Mid Cap Fund Direct Plan Growth,WhiteOak Capital Mutual Fund,Mid Cap,,2022-09-08,2026-08-03,959
149383,Axis Multicap Fund - Direct Growth,Axis Mutual Fund,Multi Cap,,2021-12-23,2026-08-03,1143
153309,BAJAJ FINSERV MULTI CAP FUND - DIRECT - GROWTH,Bajaj Finserv Mutual Fund,Multi Cap,,2025-03-03,2026-08-03,349
149303,BANDHAN MULTI CAP FUND - GROWTH - DIRECT PLAN,Bandhan Mutual Fund,Multi Cap,,2021-12-03,2026-08-03,1158
151443,Bank of India Multi Cap Fund Direct Plan - Growth,Bank of India Mutual Fund,Multi Cap,,2023-03-06,2026-08-03,837
151824,Canara Robeco Multi Cap Fund - Direct Plan - Growth Option,Canara Robeco Mutual Fund,Multi Cap,,2023-08-02,2026-08-03,737
152310,DSP Multicap Fund - Direct - Growth,DSP Mutual Fund,Multi Cap,,2024-01-31,2026-08-03,617
152094,Edelweiss Multi Cap Fund - Direct Plan - Growth,Edelweiss Mutual Fund,Multi Cap,,2023-10-30,2026-08-03,680
152739,Franklin India Multi Cap Fund - Direct - Growth,Franklin Templeton Mutual Fund,Multi Cap,,2024-07-29,2026-08-03,496
149368,HDFC Multi Cap Fund - Growth Option - Direct Plan,HDFC Mutual Fund,Multi Cap,,2021-12-10,2026-08-03,1144
151290,HSBC Multi Cap Fund - Direct - Growth,HSBC Mutual Fund,Multi Cap,,2023-02-03,2026-08-03,858
149185,Kotak Multicap Fund-Direct Plan-Growth,Kotak Mahindra Mutual Fund,Multi Cap,,2021-10-06,2026-08-03,1187
150659,LIC MF Multi Cap Fund-Direct Plan-Growth,LIC Mutual Fund,Multi Cap,,2022-11-02,2026-08-03,923
151810,Mirae Asset Multicap Fund - Direct Plan - Growth,Mirae Asset Mutual Fund,Multi Cap,,2023-08-22,2026-08-03,724
152651,Motilal Oswal Multi Cap Fund-Direct Plan Growth,Motilal Oswal Mutual Fund,Multi Cap,,2024-06-21,2026-08-03,522
118651,Nippon India Multi Cap Fund - Direct Plan Growth Plan - Bonus Option,Nippon India Mutual Fund,Multi Cap,,2013-01-02,2026-08-03,3342
152815,PGIM India Multi Cap Fund - Direct Plan - Growth Option,PGIM India Mutual Fund,Multi Cap,,2024-09-13,2026-08-03,464
152847,Samco Multi Cap Fund - Direct Plan - Growth,Samco Mutual Fund,Multi Cap,,2024-11-06,2026-08-03,428
149882,SBI Multicap Fund- Direct Plan- Growth option,SBI Mutual Fund,Multi Cap,,2022-03-15,2026-08-03,1088
149669,Sundaram Multi Cap Fund (Formerly Known as Principal Multi Cap Growth Fund)-Direct Plan - Growth Option,Sundaram Mutual Fund,Multi Cap,,2022-01-03,2026-08-03,1128
151232,Tata Multicap Fund - Direct Plan - Growth,Tata Mutual Fund,Multi Cap,,2023-02-09,2026-08-03,854
153644,TRUSTMF MULTI CAP FUND -DIRECT PLAN-GROWTH,Trust Mutual Fund,Multi Cap,,2025-07-25,2026-08-03,251
150858,Union Multicap Fund - Direct Plan - Growth Option,Union Mutual Fund,Multi Cap,,2022-12-26,2026-08-03,886
153515,UTI Multi Cap Fund - Direct Plan - Growth Option,UTI Mutual Fund,Multi Cap,,2025-05-20,2026-08-03,298
152071,WhiteOak Capital Multi Cap Fund Direct Plan Growth,WhiteOak Capital Mutual Fund,Multi Cap,,2023-09-25,2026-08-03,701
154215,Abakkus Small Cap Fund - Direct Plan - Growth,Abakkus Mutual Fund,Small Cap,,2026-03-20,2026-08-03,91
153612,BAJAJ FINSERV SMALL CAP FUND - DIRECT - GROWTH,Bajaj Finserv Mutual Fund,Small Cap,,2025-07-22,2026-08-03,253
147946,BANDHAN SMALL CAP FUND - DIRECT PLAN GROWTH,Bandhan Mutual Fund,Small Cap,,2020-02-26,2026-08-03,1594
145678,BANK OF INDIA Small Cap Fund Direct Plan Growth,Bank of India Mutual Fund,Small Cap,,2018-12-27,2026-08-03,1872
152128,Baroda BNP Paribas Small Cap Fund - Direct Plan - Growth option,Baroda BNP Paribas Mutual Fund,Small Cap,,2023-11-01,2026-08-03,677
146130,CANARA ROBECO SMALL CAP FUND - DIRECT PLAN - GROWTH OPTION,Canara Robeco Mutual Fund,Small Cap,,2019-02-19,2026-08-03,1834
146196,Edelweiss Small Cap Fund - Direct Plan - Growth,Edelweiss Mutual Fund,Small Cap,,2019-02-14,2026-08-03,1839
130503,HDFC Small Cap Fund - Growth Option - Direct Plan,HDFC Mutual Fund,Small Cap,,2014-06-30,2026-08-03,2974
153912,Helios Small Cap Fund - Direct Plan - Growth Option,Helios Mutual Fund,Small Cap,,2025-11-28,2026-08-03,167
151130,HSBC Small Cap Fund - Direct Growth,HSBC Mutual Fund,Small Cap,,2022-11-28,2026-08-03,906
147919,ITI Small Cap Fund - Direct Plan - Growth Option,ITI Mutual Fund,Small Cap,,2020-02-19,2026-08-03,1589
152614,JM Small Cap Fund (Direct) - Growth Option,JM Financial Mutual Fund,Small Cap,,2024-06-24,2026-08-03,521
152004,LIC MF Small Cap Fund-Direct Plan-Growth,LIC Mutual Fund,Small Cap,,2023-07-31,2026-08-03,739
150915,Mahindra Manulife Small Cap Fund - Direct Plan - Growth,Mahindra Manulife Mutual Fund,Small Cap,,2022-12-14,2026-08-03,894
153196,Mirae Asset Small Cap Fund - Direct Plan - Growth,Mirae Asset Mutual Fund,Small Cap,,2025-02-03,2026-08-03,368
152237,Motilal Oswal Small Cap Fund - Direct - Growth,Motilal Oswal Mutual Fund,Small Cap,,2023-12-29,2026-08-03,638
118777,Nippon India Small Cap Fund - Direct Plan Growth Plan - Bonus Option,Nippon India Mutual Fund,Small Cap,,2013-01-03,2026-08-03,3340
149019,PGIM India Small Cap Fund - Direct Plan- Growth Option,PGIM India Mutual Fund,Small Cap,,2021-08-02,2026-08-03,1232
152107,QUANTUM SMALL CAP FUND - DIRECT PLAN GROWTH OPTION,Quantum Mutual Fund,Small Cap,,2023-11-03,2026-08-03,672
145206,Tata Small Cap Fund-Direct Plan-Growth,Tata Mutual Fund,Small Cap,,2018-11-13,2026-08-03,1902
154269,The Wealth Company Small Cap Fund- Direct-Growth,The Wealth Company Mutual Fund,Small Cap,,2026-03-30,2026-08-03,86
152939,TRUSTMF SMALL CAP FUND -DIRECT PLAN-GROWTH,Trust Mutual Fund,Small Cap,,2024-11-05,2026-08-03,430
129649,Union Small Cap Fund - Direct Plan - Growth Option,Union Mutual Fund,Small Cap,,2014-06-17,2026-08-03,2982
148618,UTI Small Cap Fund - Direct Plan - Growth Option,UTI Mutual Fund,Small Cap,,2020-12-23,2026-08-03,1381
149166,Axis Value Fund - Direct Plan - Growth,Axis Mutual Fund,Value/Contra,,2021-09-28,2026-08-03,1201
151755,Baroda BNP Paribas Value Fund - Direct Plan - Growth option,Baroda BNP Paribas Mutual Fund,Value/Contra,,2023-06-09,2026-08-03,774
149085,Canara Robeco Value Fund - Direct Plan - Growth Option,Canara Robeco Mutual Fund,Value/Contra,,2021-09-06,2026-08-03,1208
148595,DSP Value Fund - Direct Plan - Growth,DSP Mutual Fund,Value/Contra,,2020-12-11,2026-07-31,1308
151113,HSBC Value Fund - Direct Growth,HSBC Mutual Fund,Value/Contra,,2022-11-28,2026-08-03,906
120323,ICICI Prudential Value Fund (erstwhile Value Discovery Fund) - Direct Plan - Growth,ICICI Prudential Mutual Fund,Value/Contra,,2013-01-02,2026-08-03,3341
148972,ITI Value Fund - Direct Plan - Growth Option,ITI Mutual Fund,Value/Contra,,2021-06-17,2026-08-03,1262
120486,JM Value Fund (Direct) - Growth Option,JM Financial Mutual Fund,Value/Contra,,2013-01-02,2026-08-03,3342
152018,LIC MF Value Fund-Direct Plan-Growth,LIC Mutual Fund,Value/Contra,,2023-07-31,2026-08-03,739
153303,Mahindra Manulife Value Fund - Direct Plan - Growth,Mahindra Manulife Mutual Fund,Value/Contra,,2025-03-05,2026-08-03,347
149335,Quant Value Fund - Growth Option  - Direct Plan,quant Mutual Fund,Value/Contra,,2021-12-01,2026-08-03,1151
145473,Union Value Fund - Direct Plan - Growth Option,Union Mutual Fund,Value/Contra,,2018-12-12,2026-08-03,1881
120751,UTI Value Fund - Direct Plan - Growth Option,UTI Mutual Fund,Value/Contra,,2013-01-02,2026-08-03,3341
120348,Invesco India Contra Fund - Direct Plan - Growth,Invesco Mutual Fund,Value/Contra,,2013-01-02,2026-08-03,3342
120416,Invesco India ELSS Tax Saver Fund - Direct Plan - Growth,Invesco Mutual Fund,ELSS,,2013-01-02,2026-08-03,3342
139781,Mahindra Manulife ELSS Tax Saver Fund - Direct Plan -Growth,Mahindra Manulife Mutual Fund,ELSS,,2016-10-19,2026-08-03,2413
151611,NJ ELSS Tax Saver Scheme Direct Growth,NJ Mutual Fund,ELSS,,2023-06-19,2026-08-03,768
149763,Invesco India Flexi Cap Fund - Direct Plan - Growth,Invesco Mutual Fund,Flexi Cap,,2022-02-16,2026-08-03,1097
149104,Mahindra Manulife Flexi Cap Fund - Direct Plan -Growth,Mahindra Manulife Mutual Fund,Flexi Cap,,2021-08-25,2026-08-03,1216
151917,NJ Flexi Cap Fund - Direct Plan - Growth Option,NJ Mutual Fund,Flexi Cap,,2023-09-06,2026-08-03,713
148481,Invesco India Focused Fund - Direct Plan - Growth,Invesco Mutual Fund,Focused,,2020-10-01,2026-08-03,1437
148567,Mahindra Manulife Focused Fund - Direct Plan -Growth,Mahindra Manulife Mutual Fund,Focused,,2020-11-19,2026-08-03,1404
120357,Invesco India Large & Mid Cap Fund - Direct Plan - Growth,Invesco Mutual Fund,Large & Mid Cap,,2013-01-02,2026-08-03,3342
154433,TRUSTMF LARGE & MIDCAP FUND - DIRECT PLAN - GROWTH,Trust Mutual Fund,Large & Mid Cap,,2026-07-30,2026-08-03,3
120392,Invesco India Largecap Fund - Direct Plan - Growth,Invesco Mutual Fund,Large Cap,,2013-01-02,2026-08-03,3342
146549,Mahindra Manulife Large Cap Fund - Direct Plan -Growth,Mahindra Manulife Mutual Fund,Large Cap,,2019-03-19,2026-08-03,1816
120403,Invesco India Midcap Fund - Direct Plan - Growth Option,Invesco Mutual Fund,Mid Cap,,2013-01-02,2026-08-03,3342
153034,Groww Multicap Fund - Direct - Growth,Groww Mutual Fund,Multi Cap,,2024-12-18,2026-08-03,400
154063,Groww Small Cap Fund-Direct-Growth,Groww Mutual Fund,Small Cap,,2026-02-02,2026-08-03,124
145137,Invesco India Smallcap Fund - Direct Plan - Growth,Invesco Mutual Fund,Small Cap,,2018-11-02,2026-08-03,1907
135341,Groww Value Fund (formerly known as Indiabulls Value Fund) - Direct Plan - Growth Option,Groww Mutual Fund,Value/Contra,,2015-09-09,2026-08-03,2681
154456,NJ Value Fund - Direct Growth,NJ Mutual Fund,Value/Contra,,2026-08-03,2026-08-03,1
